[
    {
      "title": "Participated In coding competetion",
      "issuer": "University of Mianwali",
      "image": "static/images/certificate1.png",
      "link": "static/certificates/cert1.pdf"
    },
    {
      "title": "Secured 2nd position at Namal competetion",
      "issuer": "University / Online Platform",
      "image": "static/images/certificate2.jpg",
      "link": "static/certificates/cert2.pdf"
    },
    {
        "title": "Presented Our FYP at TechExpo",
        "issuer": "University / Online Platform",
        "image": "static/images/certificate3.jpg",
        "link": "static/certificates/cert2.pdf"
      }
  ]
  