[
    {
        "title": "Project A",
        "image": "project1.png",
        "description": "My first project using Python Flask database",
        "price": "Free"
    },
    {
        "title": "Project B",
        "image": "project2.png",
        "description": "Machine Learning Classification",
        "price": "Free"
    },
    {
        "title":"Project D",
        "image":"project3.png",
        "description":"Machine Learning Classification",
        "price":"Free"
    },
    {
        "title": "Project A",
        "image": "project1.png",
        "description": "My first project using Python Flask database",
        "price": "Free"
    },
    {
        "title": "Project B",
        "image": "project2.png",
        "description": "Machine Learning Classification",
        "price": "Free"
    },
    {
        "title":"Project D",
        "image":"project3.png",
        "description":"Machine Learning Classification",
        "price":"Free"
    },
    {
        "title": "Project A",
        "image": "project1.png",
        "description": "My first project using Python Flask database",
        "price": "Free"
    },
    {
        "title": "Project B",
        "image": "project2.png",
        "description": "Machine Learning Classification",
        "price": "Free"
    },
    {
        "title":"Project D",
        "image":"project3.png",
        "description":"Machine Learning Classification",
        "price":"Free"
    },
    {
        "title": "Project A",
        "image": "project1.png",
        "description": "My first project using Python Flask database",
        "price": "Free"
    },
    {
        "title": "Project B",
        "image": "project2.png",
        "description": "Machine Learning Classification",
        "price": "Free"
    },
    {
        "title":"Project D",
        "image":"project3.png",
        "description":"Machine Learning Classification",
        "price":"Free"
    }
]
